{"packages":[],"notify-batch":"https:\/\/packagist.org\/downloads\/","providers-url":"\/p\/%package%$%hash%.json","metadata-url":"\/p2\/%package%.json","metadata-changes-url":"https:\/\/packagist.org\/metadata\/changes.json","search":"https:\/\/packagist.org\/search.json?q=%query%&type=%type%","list":"https:\/\/packagist.org\/packages\/list.json","security-advisories":{"metadata":true,"api-url":"https:\/\/packagist.org\/api\/security-advisories\/"},"providers-api":"https:\/\/packagist.org\/providers\/%package%.json","warning":"Support for Composer 1 will be shutdown on August 1st 2025. You should upgrade to Composer 2. See https:\/\/blog.packagist.com\/shutting-down-packagist-org-support-for-composer-1-x\/","warning-versions":"<1.99","provider-includes":{"p\/provider-2013$%hash%.json":{"sha256":"c9d41c9fcd6b221c574082f67265841272f36ecce0b719f7d99e5cd5c9a8a690"},"p\/provider-2014$%hash%.json":{"sha256":"3e5bf36734f6eb7b6fede9eac31012eca92ad0083d5630d266d1d07dbc565182"},"p\/provider-2015$%hash%.json":{"sha256":"d1d66b222f5c1b4dff4caf2ba18c0adf12b78a121c39920ed3fe61a68149eb09"},"p\/provider-2016$%hash%.json":{"sha256":"c97ea740959e538cf5a0f25876dfc6108e6acf042b3a6ffe79628539eb08cf2c"},"p\/provider-2017$%hash%.json":{"sha256":"a75a81a90b61da44f786aa1ebb64f247637118ac06d71960103204812695f42c"},"p\/provider-2018$%hash%.json":{"sha256":"3c6d696d0c6a33aa11097594aa60ea4161e3c3c4943819d932ed2657884f345c"},"p\/provider-2019$%hash%.json":{"sha256":"58f2850cf69d1d75c3fc628c6991b75ff11161a1d979ebf82706b9c090002f6c"},"p\/provider-2020$%hash%.json":{"sha256":"121829cbac9c53d0287727138514e329b72081919eb36991e69731c65eca8fa7"},"p\/provider-2021$%hash%.json":{"sha256":"ca97849ded9025df35f636334abb5e09f71bea4d4db3d737aff5ca88ab66ea4d"},"p\/provider-2022$%hash%.json":{"sha256":"7bfc892499609978bb13f91c4982d81c95f9571377badc0a69d335aa6f7908d8"},"p\/provider-2023$%hash%.json":{"sha256":"303f6e5a65422e75aed36b4e45e018b680074751621ec1bfbcb5e65ebfa6cb96"},"p\/provider-2024-01$%hash%.json":{"sha256":"6fcccf1e58f8535ddbb600a9836e9cb607e63667450e0dbf300e0d55233a67c6"},"p\/provider-2024-04$%hash%.json":{"sha256":"76806d40f85ad8dc6a496cfdafbc8eb78e0dcda363c28eee667f10482b4bfba8"},"p\/provider-2024-07$%hash%.json":{"sha256":"903b46702181b657263d99c1c2df652791f239300fa6807e2de3f72bd076b980"},"p\/provider-2024-10$%hash%.json":{"sha256":"e32bded6f9d9876f4fc5e8011f7e5f56661129e424a453512ee38083269c870d"},"p\/provider-archived$%hash%.json":{"sha256":"a4329fa80fbd08c7d56f8e1891697d85875e089fff33a82fce5e7e73c3653745"},"p\/provider-latest$%hash%.json":{"sha256":"1d7f6c756030c621782e44ad8148cbb857f2826cf9be60a07a65f2db2ae01b8f"}},"last-modified":"Tue, 19 Nov 2024 12:04:43 GMT"}